{
    "Items": [
        {
            "summary": "သင်္ကြန်နေ့",
            "startDate": "2022-04-13",
            "endDate": "2022-04-14",
            "status": "confirmed",
            "displayName": "Holidays in Myanmar"
        },
        {
            "summary": "အာဇာနည်နေ့",
            "startDate": "2022-07-19",
            "endDate": "2022-07-20",
            "status": "confirmed",
            "displayName": "Holidays in Myanmar"
        },
        {
            "summary": "အလုပ်သမားနေ့",
            "startDate": "2022-05-01",
            "endDate": "2022-05-02",
            "status": "confirmed",
            "displayName": "Holidays in Myanmar"
        },
        {
            "summary": "သင်္ကြန်နေ့",
            "startDate": "2022-04-15",
            "endDate": "2022-04-16",
            "status": "confirmed",
            "displayName": "Holidays in Myanmar"
        },
        {
            "summary": "သင်္ကြန်နေ့",
            "startDate": "2022-04-16",
            "endDate": "2022-04-17",
            "status": "confirmed",
            "displayName": "Holidays in Myanmar"
        },
        {
            "summary": "နှစ်သစ်ကူးနေ့",
            "startDate": "2022-01-01",
            "endDate": "2022-01-02",
            "status": "confirmed",
            "displayName": "Holidays in Myanmar"
        },
        {
            "summary": "လွတ်လပ်ရေးနေ့",
            "startDate": "2022-01-04",
            "endDate": "2022-01-05",
            "status": "confirmed",
            "displayName": "Holidays in Myanmar"
        },
        {
            "summary": "တပ်မတော်နေ့",
            "startDate": "2022-03-27",
            "endDate": "2022-03-28",
            "status": "confirmed",
            "displayName": "Holidays in Myanmar"
        },
        {
            "summary": "အစ်နေ့",
            "startDate": "2022-07-10",
            "endDate": "2022-07-11",
            "status": "confirmed",
            "displayName": "Holidays in Myanmar"
        },
        {
            "summary": "ပြည်ထောင်စုနေ့",
            "startDate": "2022-02-12",
            "endDate": "2022-02-13",
            "status": "confirmed",
            "displayName": "Holidays in Myanmar"
        },
        {
            "summary": "တောင်သူလယ်သမားနေ့",
            "startDate": "2022-03-02",
            "endDate": "2022-03-03",
            "status": "confirmed",
            "displayName": "Holidays in Myanmar"
        },
        {
            "summary": "တပေါင်းလပြည့်နေ့",
            "startDate": "2022-03-16",
            "endDate": "2022-03-17",
            "status": "confirmed",
            "displayName": "Holidays in Myanmar"
        },
        {
            "summary": "သင်္ကြန်နေ့",
            "startDate": "2022-04-14",
            "endDate": "2022-04-15",
            "status": "confirmed",
            "displayName": "Holidays in Myanmar"
        },
        {
            "summary": "ကရင်နှစ်သစ်ကူးနေ့",
            "startDate": "2022-01-02",
            "endDate": "2022-01-03",
            "status": "confirmed",
            "displayName": "Holidays in Myanmar"
        },
        {
            "summary": "သင်္ကြန်နေ့",
            "startDate": "2022-04-09",
            "endDate": "2022-04-10",
            "status": "confirmed",
            "displayName": "Holidays in Myanmar"
        },
        {
            "summary": "သင်္ကြန်နေ့",
            "startDate": "2022-04-10",
            "endDate": "2022-04-11",
            "status": "confirmed",
            "displayName": "Holidays in Myanmar"
        },
        {
            "summary": "သင်္ကြန်နေ့",
            "startDate": "2022-04-11",
            "endDate": "2022-04-12",
            "status": "confirmed",
            "displayName": "Holidays in Myanmar"
        },
        {
            "summary": "သင်္ကြန်နေ့",
            "startDate": "2022-04-12",
            "endDate": "2022-04-13",
            "status": "confirmed",
            "displayName": "Holidays in Myanmar"
        },
        {
            "summary": "သင်္ကြန်နေ့",
            "startDate": "2022-04-17",
            "endDate": "2022-04-18",
            "status": "confirmed",
            "displayName": "Holidays in Myanmar"
        },
        {
            "summary": "ကဆုန်လပြည့်နေ့",
            "startDate": "2022-05-14",
            "endDate": "2022-05-15",
            "status": "confirmed",
            "displayName": "Holidays in Myanmar"
        },
        {
            "summary": "ဝါဆိုလပြည့်နေ့ (ဝါဝင်)",
            "startDate": "2022-07-12",
            "endDate": "2022-07-13",
            "status": "confirmed",
            "displayName": "Holidays in Myanmar"
        },
        {
            "summary": "သီတင်းကျွတ်လပြည့်နေ့ (ဝါထွက်)",
            "startDate": "2022-10-08",
            "endDate": "2022-10-09",
            "status": "confirmed",
            "displayName": "Holidays in Myanmar"
        },
        {
            "summary": "သီတင်းကျွတ်လပြည့်နေ့ (ဝါထွက်)",
            "startDate": "2022-10-09",
            "endDate": "2022-10-10",
            "status": "confirmed",
            "displayName": "Holidays in Myanmar"
        },
        {
            "summary": "သီတင်းကျွတ်လပြည့်နေ့ (ဝါထွက်)",
            "startDate": "2022-10-10",
            "endDate": "2022-10-11",
            "status": "confirmed",
            "displayName": "Holidays in Myanmar"
        },
        {
            "summary": "ဒီပါဝရီနေ့ (ဒီဝါလီ)",
            "startDate": "2022-10-24",
            "endDate": "2022-10-25",
            "status": "confirmed",
            "displayName": "Holidays in Myanmar"
        },
        {
            "summary": "တန်ဆောင်မုန်းလပြည့်နေ့",
            "startDate": "2022-11-06",
            "endDate": "2022-11-07",
            "status": "confirmed",
            "displayName": "Holidays in Myanmar"
        },
        {
            "summary": "တန်ဆောင်မုန်းလပြည့်နေ့",
            "startDate": "2022-11-07",
            "endDate": "2022-11-08",
            "status": "confirmed",
            "displayName": "Holidays in Myanmar"
        },
        {
            "summary": "National Day",
            "startDate": "2022-11-17",
            "endDate": "2022-11-18",
            "status": "confirmed",
            "displayName": "Holidays in Myanmar"
        },
        {
            "summary": "ကရင်နှစ်သစ်ကူးနေ့",
            "startDate": "2022-12-22",
            "endDate": "2022-12-23",
            "status": "confirmed",
            "displayName": "Holidays in Myanmar"
        },
        {
            "summary": "ခရစ်စမတ်နေ့",
            "startDate": "2022-12-25",
            "endDate": "2022-12-26",
            "status": "confirmed",
            "displayName": "Holidays in Myanmar"
        },
        {
            "summary": "နှစ်သစ်ကူးနေ့",
            "startDate": "2022-12-31",
            "endDate": "2023-01-01",
            "status": "confirmed",
            "displayName": "Holidays in Myanmar"
        },
        {
            "summary": "လွတ်လပ်ရေးနေ့",
            "startDate": "2023-01-04",
            "endDate": "2023-01-05",
            "status": "confirmed",
            "displayName": "Holidays in Myanmar"
        },
        {
            "summary": "ပြည်ထောင်စုနေ့",
            "startDate": "2023-02-12",
            "endDate": "2023-02-13",
            "status": "confirmed",
            "displayName": "Holidays in Myanmar"
        },
        {
            "summary": "တောင်သူလယ်သမားနေ့",
            "startDate": "2023-03-02",
            "endDate": "2023-03-03",
            "status": "confirmed",
            "displayName": "Holidays in Myanmar"
        },
        {
            "summary": "တပ်မတော်နေ့",
            "startDate": "2023-03-27",
            "endDate": "2023-03-28",
            "status": "confirmed",
            "displayName": "Holidays in Myanmar"
        },
        {
            "summary": "သင်္ကြန်နေ့",
            "startDate": "2023-04-13",
            "endDate": "2023-04-14",
            "status": "confirmed",
            "displayName": "Holidays in Myanmar"
        },
        {
            "summary": "သင်္ကြန်နေ့",
            "startDate": "2023-04-14",
            "endDate": "2023-04-15",
            "status": "confirmed",
            "displayName": "Holidays in Myanmar"
        },
        {
            "summary": "သင်္ကြန်နေ့",
            "startDate": "2023-04-15",
            "endDate": "2023-04-16",
            "status": "confirmed",
            "displayName": "Holidays in Myanmar"
        },
        {
            "summary": "သင်္ကြန်နေ့",
            "startDate": "2023-04-16",
            "endDate": "2023-04-17",
            "status": "confirmed",
            "displayName": "Holidays in Myanmar"
        },
        {
            "summary": "အလုပ်သမားနေ့",
            "startDate": "2023-05-01",
            "endDate": "2023-05-02",
            "status": "confirmed",
            "displayName": "Holidays in Myanmar"
        },
        {
            "summary": "အစ်နေ့",
            "startDate": "2023-06-29",
            "endDate": "2023-06-30",
            "status": "confirmed",
            "displayName": "Holidays in Myanmar"
        },
        {
            "summary": "အာဇာနည်နေ့",
            "startDate": "2023-07-19",
            "endDate": "2023-07-20",
            "status": "confirmed",
            "displayName": "Holidays in Myanmar"
        },
        {
            "summary": "ဝါဆိုလပြည့်နေ့ (ဝါဝင်)",
            "startDate": "2023-08-01",
            "endDate": "2023-08-02",
            "status": "confirmed",
            "displayName": "Holidays in Myanmar"
        },
        {
            "summary": "သီတင်းကျွတ်လပြည့်နေ့ (ဝါထွက်)",
            "startDate": "2023-10-28",
            "endDate": "2023-10-29",
            "status": "confirmed",
            "displayName": "Holidays in Myanmar"
        },
        {
            "summary": "သီတင်းကျွတ်လပြည့်နေ့ (ဝါထွက်)",
            "startDate": "2023-10-29",
            "endDate": "2023-10-30",
            "status": "confirmed",
            "displayName": "Holidays in Myanmar"
        },
        {
            "summary": "သီတင်းကျွတ်လပြည့်နေ့ (ဝါထွက်)",
            "startDate": "2023-10-30",
            "endDate": "2023-10-31",
            "status": "confirmed",
            "displayName": "Holidays in Myanmar"
        },
        {
            "summary": "ဒီပါဝရီနေ့ (ဒီဝါလီ)",
            "startDate": "2023-11-12",
            "endDate": "2023-11-13",
            "status": "confirmed",
            "displayName": "Holidays in Myanmar"
        },
        {
            "summary": "တန်ဆောင်မုန်းလပြည့်နေ့",
            "startDate": "2023-11-26",
            "endDate": "2023-11-27",
            "status": "confirmed",
            "displayName": "Holidays in Myanmar"
        },
        {
            "summary": "တန်ဆောင်မုန်းလပြည့်နေ့",
            "startDate": "2023-11-27",
            "endDate": "2023-11-28",
            "status": "confirmed",
            "displayName": "Holidays in Myanmar"
        },
        {
            "summary": "ခရစ်စမတ်နေ့",
            "startDate": "2023-12-25",
            "endDate": "2023-12-26",
            "status": "confirmed",
            "displayName": "Holidays in Myanmar"
        },
        {
            "summary": "နှစ်သစ်ကူးနေ့",
            "startDate": "2024-01-01",
            "endDate": "2024-01-02",
            "status": "confirmed",
            "displayName": "Holidays in Myanmar"
        },
        {
            "summary": "လွတ်လပ်ရေးနေ့",
            "startDate": "2024-01-04",
            "endDate": "2024-01-05",
            "status": "confirmed",
            "displayName": "Holidays in Myanmar"
        },
        {
            "summary": "ပြည်ထောင်စုနေ့",
            "startDate": "2024-02-12",
            "endDate": "2024-02-13",
            "status": "confirmed",
            "displayName": "Holidays in Myanmar"
        },
        {
            "summary": "တောင်သူလယ်သမားနေ့",
            "startDate": "2024-03-02",
            "endDate": "2024-03-03",
            "status": "confirmed",
            "displayName": "Holidays in Myanmar"
        },
        {
            "summary": "တပေါင်းလပြည့်နေ့",
            "startDate": "2024-03-24",
            "endDate": "2024-03-25",
            "status": "confirmed",
            "displayName": "Holidays in Myanmar"
        },
        {
            "summary": "တပေါင်းလပြည့်နေ့",
            "startDate": "2024-03-25",
            "endDate": "2024-03-26",
            "status": "confirmed",
            "displayName": "Holidays in Myanmar"
        },
        {
            "summary": "တပ်မတော်နေ့",
            "startDate": "2024-03-27",
            "endDate": "2024-03-28",
            "status": "confirmed",
            "displayName": "Holidays in Myanmar"
        },
        {
            "summary": "သင်္ကြန်နေ့",
            "startDate": "2024-04-13",
            "endDate": "2024-04-14",
            "status": "confirmed",
            "displayName": "Holidays in Myanmar"
        },
        {
            "summary": "သင်္ကြန်နေ့",
            "startDate": "2024-04-14",
            "endDate": "2024-04-15",
            "status": "confirmed",
            "displayName": "Holidays in Myanmar"
        },
        {
            "summary": "သင်္ကြန်နေ့",
            "startDate": "2024-04-15",
            "endDate": "2024-04-16",
            "status": "confirmed",
            "displayName": "Holidays in Myanmar"
        },
        {
            "summary": "သင်္ကြန်နေ့",
            "startDate": "2024-04-16",
            "endDate": "2024-04-17",
            "status": "confirmed",
            "displayName": "Holidays in Myanmar"
        },
        {
            "summary": "အလုပ်သမားနေ့",
            "startDate": "2024-05-01",
            "endDate": "2024-05-02",
            "status": "confirmed",
            "displayName": "Holidays in Myanmar"
        },
        {
            "summary": "အစ်နေ့",
            "startDate": "2024-06-17",
            "endDate": "2024-06-18",
            "status": "confirmed",
            "displayName": "Holidays in Myanmar"
        },
        {
            "summary": "အာဇာနည်နေ့",
            "startDate": "2024-07-19",
            "endDate": "2024-07-20",
            "status": "confirmed",
            "displayName": "Holidays in Myanmar"
        },
        {
            "summary": "ဝါဆိုလပြည့်နေ့ (ဝါဝင်)",
            "startDate": "2024-07-20",
            "endDate": "2024-07-21",
            "status": "confirmed",
            "displayName": "Holidays in Myanmar"
        },
        {
            "summary": "ဝါဆိုလပြည့်နေ့ (ဝါဝင်)",
            "startDate": "2024-07-22",
            "endDate": "2024-07-23",
            "status": "confirmed",
            "displayName": "Holidays in Myanmar"
        },
        {
            "summary": "သီတင်းကျွတ်လပြည့်နေ့ (ဝါထွက်)",
            "startDate": "2024-10-16",
            "endDate": "2024-10-17",
            "status": "confirmed",
            "displayName": "Holidays in Myanmar"
        },
        {
            "summary": "သီတင်းကျွတ်လပြည့်နေ့ (ဝါထွက်)",
            "startDate": "2024-10-17",
            "endDate": "2024-10-18",
            "status": "confirmed",
            "displayName": "Holidays in Myanmar"
        },
        {
            "summary": "သီတင်းကျွတ်လပြည့်နေ့ (ဝါထွက်)",
            "startDate": "2024-10-18",
            "endDate": "2024-10-19",
            "status": "confirmed",
            "displayName": "Holidays in Myanmar"
        },
        {
            "summary": "ဒီပါဝရီနေ့ (ဒီဝါလီ)",
            "startDate": "2024-11-01",
            "endDate": "2024-11-02",
            "status": "confirmed",
            "displayName": "Holidays in Myanmar"
        },
        {
            "summary": "တန်ဆောင်မုန်းလပြည့်နေ့",
            "startDate": "2024-11-15",
            "endDate": "2024-11-16",
            "status": "confirmed",
            "displayName": "Holidays in Myanmar"
        },
        {
            "summary": "တန်ဆောင်မုန်းလပြည့်နေ့",
            "startDate": "2024-11-16",
            "endDate": "2024-11-17",
            "status": "confirmed",
            "displayName": "Holidays in Myanmar"
        },
        {
            "summary": "National Day",
            "startDate": "2024-12-09",
            "endDate": "2024-12-10",
            "status": "confirmed",
            "displayName": "Holidays in Myanmar"
        },
        {
            "summary": "ခရစ်စမတ်နေ့",
            "startDate": "2024-12-25",
            "endDate": "2024-12-26",
            "status": "confirmed",
            "displayName": "Holidays in Myanmar"
        },
        {
            "summary": "နှစ်သစ်ကူးနေ့",
            "startDate": "2024-12-31",
            "endDate": "2025-01-01",
            "status": "confirmed",
            "displayName": "Holidays in Myanmar"
        },
        {
            "summary": "နှစ်သစ်ကူးနေ့",
            "startDate": "2023-01-01",
            "endDate": "2023-01-02",
            "status": "confirmed",
            "displayName": "Holidays in Myanmar"
        },
        {
            "summary": "တပေါင်းလပြည့်နေ့",
            "startDate": "2023-03-05",
            "endDate": "2023-03-06",
            "status": "confirmed",
            "displayName": "Holidays in Myanmar"
        },
        {
            "summary": "သင်္ကြန်နေ့",
            "startDate": "2023-04-09",
            "endDate": "2023-04-10",
            "status": "confirmed",
            "displayName": "Holidays in Myanmar"
        },
        {
            "summary": "သင်္ကြန်နေ့",
            "startDate": "2023-04-10",
            "endDate": "2023-04-11",
            "status": "confirmed",
            "displayName": "Holidays in Myanmar"
        },
        {
            "summary": "သင်္ကြန်နေ့",
            "startDate": "2023-04-11",
            "endDate": "2023-04-12",
            "status": "confirmed",
            "displayName": "Holidays in Myanmar"
        },
        {
            "summary": "သင်္ကြန်နေ့",
            "startDate": "2023-04-12",
            "endDate": "2023-04-13",
            "status": "confirmed",
            "displayName": "Holidays in Myanmar"
        },
        {
            "summary": "သင်္ကြန်နေ့",
            "startDate": "2023-04-17",
            "endDate": "2023-04-18",
            "status": "confirmed",
            "displayName": "Holidays in Myanmar"
        },
        {
            "summary": "ကဆုန်လပြည့်နေ့",
            "startDate": "2023-05-03",
            "endDate": "2023-05-04",
            "status": "confirmed",
            "displayName": "Holidays in Myanmar"
        },
        {
            "summary": "National Day",
            "startDate": "2023-12-07",
            "endDate": "2023-12-08",
            "status": "confirmed",
            "displayName": "Holidays in Myanmar"
        },
        {
            "summary": "National Foundation Day",
            "startDate": "2022-02-11",
            "endDate": "2022-02-12",
            "status": "confirmed",
            "displayName": "Holidays in Japan"
        },
        {
            "summary": "Emperor's Birthday",
            "startDate": "2022-02-23",
            "endDate": "2022-02-24",
            "status": "confirmed",
            "displayName": "Holidays in Japan"
        },
        {
            "summary": "Shōwa Day",
            "startDate": "2022-04-29",
            "endDate": "2022-04-30",
            "status": "confirmed",
            "displayName": "Holidays in Japan"
        },
        {
            "summary": "Constitution Memorial Day",
            "startDate": "2022-05-03",
            "endDate": "2022-05-04",
            "status": "confirmed",
            "displayName": "Holidays in Japan"
        },
        {
            "summary": "Greenery Day",
            "startDate": "2022-05-04",
            "endDate": "2022-05-05",
            "status": "confirmed",
            "displayName": "Holidays in Japan"
        },
        {
            "summary": "Children's Day",
            "startDate": "2022-05-05",
            "endDate": "2022-05-06",
            "status": "confirmed",
            "displayName": "Holidays in Japan"
        },
        {
            "summary": "Mountain Day",
            "startDate": "2022-08-11",
            "endDate": "2022-08-12",
            "status": "confirmed",
            "displayName": "Holidays in Japan"
        },
        {
            "summary": "Respect for the Aged Day",
            "startDate": "2022-09-19",
            "endDate": "2022-09-20",
            "status": "confirmed",
            "displayName": "Holidays in Japan"
        },
        {
            "summary": "Spring Equinox",
            "startDate": "2022-03-21",
            "endDate": "2022-03-22",
            "status": "confirmed",
            "displayName": "Holidays in Japan"
        },
        {
            "summary": "Sea Day",
            "startDate": "2022-07-18",
            "endDate": "2022-07-19",
            "status": "confirmed",
            "displayName": "Holidays in Japan"
        },
        {
            "summary": "New Year's Day",
            "startDate": "2022-01-01",
            "endDate": "2022-01-02",
            "status": "confirmed",
            "displayName": "Holidays in Japan"
        },
        {
            "summary": "Coming of Age Day",
            "startDate": "2022-01-10",
            "endDate": "2022-01-11",
            "status": "confirmed",
            "displayName": "Holidays in Japan"
        },
        {
            "summary": "Autumn Equinox",
            "startDate": "2022-09-23",
            "endDate": "2022-09-24",
            "status": "confirmed",
            "displayName": "Holidays in Japan"
        },
        {
            "summary": "Sports Day",
            "startDate": "2022-10-10",
            "endDate": "2022-10-11",
            "status": "confirmed",
            "displayName": "Holidays in Japan"
        },
        {
            "summary": "Culture Day",
            "startDate": "2022-11-03",
            "endDate": "2022-11-04",
            "status": "confirmed",
            "displayName": "Holidays in Japan"
        },
        {
            "summary": "Labor Thanksgiving Day",
            "startDate": "2022-11-23",
            "endDate": "2022-11-24",
            "status": "confirmed",
            "displayName": "Holidays in Japan"
        },
        {
            "summary": "New Year's Day",
            "startDate": "2023-01-01",
            "endDate": "2023-01-02",
            "status": "confirmed",
            "displayName": "Holidays in Japan"
        },
        {
            "summary": "Day off for New Year's Day",
            "startDate": "2023-01-02",
            "endDate": "2023-01-03",
            "status": "confirmed",
            "displayName": "Holidays in Japan"
        },
        {
            "summary": "Coming of Age Day",
            "startDate": "2023-01-09",
            "endDate": "2023-01-10",
            "status": "confirmed",
            "displayName": "Holidays in Japan"
        },
        {
            "summary": "National Foundation Day",
            "startDate": "2023-02-11",
            "endDate": "2023-02-12",
            "status": "confirmed",
            "displayName": "Holidays in Japan"
        },
        {
            "summary": "Emperor's Birthday",
            "startDate": "2023-02-23",
            "endDate": "2023-02-24",
            "status": "confirmed",
            "displayName": "Holidays in Japan"
        },
        {
            "summary": "Spring Equinox",
            "startDate": "2023-03-21",
            "endDate": "2023-03-22",
            "status": "confirmed",
            "displayName": "Holidays in Japan"
        },
        {
            "summary": "Shōwa Day",
            "startDate": "2023-04-29",
            "endDate": "2023-04-30",
            "status": "confirmed",
            "displayName": "Holidays in Japan"
        },
        {
            "summary": "Constitution Memorial Day",
            "startDate": "2023-05-03",
            "endDate": "2023-05-04",
            "status": "confirmed",
            "displayName": "Holidays in Japan"
        },
        {
            "summary": "Greenery Day",
            "startDate": "2023-05-04",
            "endDate": "2023-05-05",
            "status": "confirmed",
            "displayName": "Holidays in Japan"
        },
        {
            "summary": "Children's Day",
            "startDate": "2023-05-05",
            "endDate": "2023-05-06",
            "status": "confirmed",
            "displayName": "Holidays in Japan"
        },
        {
            "summary": "Sea Day",
            "startDate": "2023-07-17",
            "endDate": "2023-07-18",
            "status": "confirmed",
            "displayName": "Holidays in Japan"
        },
        {
            "summary": "Mountain Day",
            "startDate": "2023-08-11",
            "endDate": "2023-08-12",
            "status": "confirmed",
            "displayName": "Holidays in Japan"
        },
        {
            "summary": "Respect for the Aged Day",
            "startDate": "2023-09-18",
            "endDate": "2023-09-19",
            "status": "confirmed",
            "displayName": "Holidays in Japan"
        },
        {
            "summary": "Autumn Equinox",
            "startDate": "2023-09-23",
            "endDate": "2023-09-24",
            "status": "confirmed",
            "displayName": "Holidays in Japan"
        },
        {
            "summary": "Sports Day",
            "startDate": "2023-10-09",
            "endDate": "2023-10-10",
            "status": "confirmed",
            "displayName": "Holidays in Japan"
        },
        {
            "summary": "Culture Day",
            "startDate": "2023-11-03",
            "endDate": "2023-11-04",
            "status": "confirmed",
            "displayName": "Holidays in Japan"
        },
        {
            "summary": "Labor Thanksgiving Day",
            "startDate": "2023-11-23",
            "endDate": "2023-11-24",
            "status": "confirmed",
            "displayName": "Holidays in Japan"
        },
        {
            "summary": "New Year's Day",
            "startDate": "2024-01-01",
            "endDate": "2024-01-02",
            "status": "confirmed",
            "displayName": "Holidays in Japan"
        },
        {
            "summary": "Coming of Age Day",
            "startDate": "2024-01-08",
            "endDate": "2024-01-09",
            "status": "confirmed",
            "displayName": "Holidays in Japan"
        },
        {
            "summary": "National Foundation Day",
            "startDate": "2024-02-11",
            "endDate": "2024-02-12",
            "status": "confirmed",
            "displayName": "Holidays in Japan"
        },
        {
            "summary": "National Foundation Day observed",
            "startDate": "2024-02-12",
            "endDate": "2024-02-13",
            "status": "confirmed",
            "displayName": "Holidays in Japan"
        },
        {
            "summary": "Emperor's Birthday",
            "startDate": "2024-02-23",
            "endDate": "2024-02-24",
            "status": "confirmed",
            "displayName": "Holidays in Japan"
        },
        {
            "summary": "Spring Equinox",
            "startDate": "2024-03-20",
            "endDate": "2024-03-21",
            "status": "confirmed",
            "displayName": "Holidays in Japan"
        },
        {
            "summary": "Shōwa Day",
            "startDate": "2024-04-29",
            "endDate": "2024-04-30",
            "status": "confirmed",
            "displayName": "Holidays in Japan"
        },
        {
            "summary": "Constitution Memorial Day",
            "startDate": "2024-05-03",
            "endDate": "2024-05-04",
            "status": "confirmed",
            "displayName": "Holidays in Japan"
        },
        {
            "summary": "Greenery Day",
            "startDate": "2024-05-04",
            "endDate": "2024-05-05",
            "status": "confirmed",
            "displayName": "Holidays in Japan"
        },
        {
            "summary": "Children's Day",
            "startDate": "2024-05-05",
            "endDate": "2024-05-06",
            "status": "confirmed",
            "displayName": "Holidays in Japan"
        },
        {
            "summary": "Children's Day observed",
            "startDate": "2024-05-06",
            "endDate": "2024-05-07",
            "status": "confirmed",
            "displayName": "Holidays in Japan"
        },
        {
            "summary": "Sea Day",
            "startDate": "2024-07-15",
            "endDate": "2024-07-16",
            "status": "confirmed",
            "displayName": "Holidays in Japan"
        },
        {
            "summary": "Mountain Day",
            "startDate": "2024-08-11",
            "endDate": "2024-08-12",
            "status": "confirmed",
            "displayName": "Holidays in Japan"
        },
        {
            "summary": "Day off for Mountain Day",
            "startDate": "2024-08-12",
            "endDate": "2024-08-13",
            "status": "confirmed",
            "displayName": "Holidays in Japan"
        },
        {
            "summary": "Respect for the Aged Day",
            "startDate": "2024-09-16",
            "endDate": "2024-09-17",
            "status": "confirmed",
            "displayName": "Holidays in Japan"
        },
        {
            "summary": "Autumn Equinox",
            "startDate": "2024-09-22",
            "endDate": "2024-09-23",
            "status": "confirmed",
            "displayName": "Holidays in Japan"
        },
        {
            "summary": "Autumn Equinox observed",
            "startDate": "2024-09-23",
            "endDate": "2024-09-24",
            "status": "confirmed",
            "displayName": "Holidays in Japan"
        },
        {
            "summary": "Sports Day",
            "startDate": "2024-10-14",
            "endDate": "2024-10-15",
            "status": "confirmed",
            "displayName": "Holidays in Japan"
        },
        {
            "summary": "Culture Day",
            "startDate": "2024-11-03",
            "endDate": "2024-11-04",
            "status": "confirmed",
            "displayName": "Holidays in Japan"
        },
        {
            "summary": "Culture Day observed",
            "startDate": "2024-11-04",
            "endDate": "2024-11-05",
            "status": "confirmed",
            "displayName": "Holidays in Japan"
        },
        {
            "summary": "Labor Thanksgiving Day",
            "startDate": "2024-11-23",
            "endDate": "2024-11-24",
            "status": "confirmed",
            "displayName": "Holidays in Japan"
        }
    ]
}